"","Df","SS","MS","Rsq","F","Z","P"
"basicran",1,0.0103048424269054,0.0103048424269054,0.0852072145579302,3.26003063971082,2.64737700889912,0.001
"molar",1,0.0246482160350601,0.0246482160350601,0.138616601045872,5.63231314011413,3.80513772600727,0.001
"orbital",1,0.0273067040871713,0.0273067040871713,0.195624867811921,8.51203636143281,3.40732064334292,0.001
"rostrum",1,0.00496582837092885,0.00496582837092885,0.0376781181115311,1.37036698294306,1.47349167974404,0.07
"vault",1,0.0207418317543599,0.0207418317543599,0.184125387376192,7.8987487273834,4.12282564749348,0.001
