"","basicran_res","molar_res","orbital_res","rostrum_res","vault_res"
"basicran_res",1,0.011,0.001,0.003,0.001
"molar_res",0.593169182924885,1,0.074,0.001,0.003
"orbital_res",0.804330162573324,0.520548799921502,1,0.001,0.001
"rostrum_res",0.714524828534484,0.820302197889342,0.756237047097937,1,0.001
"vault_res",0.877013606938368,0.694246480896706,0.848760703062024,0.786967128078049,1
