"","basicran","molar","orbital","rostrum","vault"
"basicran",1,0.693264897124993,0.773952203712773,0.892154253996082,0.852488016872315
"molar",0.693264897124993,1,0.702593445747279,0.773948635400172,0.769949685563968
"orbital",0.773952203712773,0.702593445747279,1,0.861133345248423,0.877413387838037
"rostrum",0.892154253996082,0.773948635400172,0.861133345248424,1,0.942198270808016
"vault",0.852488016872316,0.769949685563968,0.877413387838038,0.942198270808016,1
